Resistance,Lin_Pred,Lin_Uncertainty,Poly_Pred,Poly_Uncertainty,RF_Pred,RF_Uncertainty,XGB_Pred,XGB_Uncertainty,GPR_Pred,GPR_Uncertainty,True_Angle
-1.3501052813326597,15.036237078109323,8.245261546638686,6.809863207876617,8.38829453835384,7.632723980096273,1.2655478656727024,6.603404,0.9083145,7.337622371870424,12.180363300793497,1
-1.3033310236733004,17.4822993227249,8.22573038795339,11.370505616227243,8.26972282796957,7.933540268254278,1.5581120528372856,8.517892,1.153004,11.319492830740657,12.152449425741693,1
-1.396879538992019,12.590174833493748,8.26582293333329,2.0159087059239478,8.593016174110545,3.7588633697762273,1.1745044559294877,3.167541,0.7359989,3.3741542490612915,12.227315133189197,3
-1.3559520635400797,14.73047929753237,8.247775533681873,6.223662737220798,8.408606885389954,6.591994500167875,1.8995412810561418,6.0182257,1.0338969,6.840735154674974,12.18505052300844,5
-1.3247692251005068,16.36118746060943,8.234553808196203,9.30829159618967,8.31509712481558,8.02192435639397,1.3690003210831205,8.103724,2.1404932,9.493575545622008,12.16330174944848,6
-1.2974842414658805,17.78805710330184,8.223361800840818,11.924866228612792,8.259643059763413,12.034983900940372,3.319215888504143,10.787525,1.9571015,11.817435426194578,12.149980210925744,6
-1.3501052813326597,15.036237078109323,8.245261546638686,6.809863207876617,8.38829453835384,7.632723980096273,1.2655478656727024,6.603404,0.9083145,7.337622371870424,12.180363300793497,6
-1.2019867987446884,22.78210085272532,8.18698172249816,20.51609696836626,8.193433350966913,14.128211363130593,2.8938058419660413,18.482489,2.2506266,19.90694339888485,12.130240396403524,8
-1.3403606443202931,15.5458333790709,8.241107348163425,7.778777342230239,8.357395352142738,7.7274672247743,1.2324837906951687,7.585435,1.5593488,8.166385619141508,12.173201593298742,9
-1.307228878478247,17.278460802340263,8.22731845392638,10.999027160399793,8.276963266641538,7.938540268254278,1.5639222380010707,7.7686257,2.398687,10.98749927848732,12.154206387211163,9
-1.1902932343298487,23.393616413879208,8.182827355558494,21.51108094326374,8.19401951181208,16.472940746242056,4.0939116577445205,15.656122,3.26065,20.887021589878316,12.129609287493967,11
-1.3286670799054534,16.157348940224793,8.236181430119387,8.928285196955807,8.32488984752575,7.693883332359526,1.3432187579253827,6.43985,0.88807005,9.161677917901486,12.165606964663422,11
-1.2857906770510406,18.399572664455746,8.218673320548824,13.023398203897449,8.242131230602102,13.688895704822766,2.505674223253874,12.076354,1.7426805,12.812994036192094,12.145602904910685,13
-1.3247692251005068,16.36118746060943,8.234553808196203,9.30829159618967,8.31509712481558,8.02192435639397,1.3690003210831205,8.103724,2.1404932,9.493575545622008,12.16330174944848,13
-1.313075660685667,16.97270302176331,8.2297140543034,10.438932887155566,8.288638852287622,7.6709151050244255,1.377777202553725,6.690656,1.2934867,10.489492556143745,12.157015887696092,13
-1.2701992578312542,19.214926745994262,8.212523171208318,14.467280855614927,8.223771714580707,17.127674015140347,1.2946909714176549,16.368895,1.1877141,14.139234121018504,12.140817041134467,14
-1.172752887707589,24.31088975561004,8.176719353457415,22.981564724753884,8.196969570165422,21.586378852829316,2.6853226670616537,20.807493,2.9455078,22.35073648259909,12.12908011740494,14
-1.313075660685667,16.97270302176331,8.2297140543034,10.438932887155566,8.288638852287622,7.6709151050244255,1.377777202553725,6.690656,1.2934867,10.489492556143745,12.157015887696092,15
-1.3033310236733004,17.4822993227249,8.22573038795339,11.370505616227243,8.26972282796957,7.933540268254278,1.5581120528372856,8.517892,1.153004,11.319492830740657,12.152449425741693,16
-1.4183177404192255,11.469062971378264,8.275589117152236,-0.2631296281092771,8.723472873073696,3.7588633697762273,1.1745044559294877,5.9512405,5.243753,1.5696796833777,12.257209918909057,17
-1.172752887707589,24.31088975561004,8.176719353457415,22.981564724753884,8.196969570165422,21.586378852829316,2.6853226670616537,20.807493,2.9455078,22.35073648259909,12.12908011740494,24
-1.1961400165372684,23.087858633302268,8.184896310769297,21.015071418772216,8.193572996743086,13.613311981466502,2.821409964920064,10.197169,3.1691043,20.3973835833023,12.129893850095474,24
-1.0831022271938169,28.99917572445657,8.147827509953558,30.108099905524217,8.23325298664981,32.466023860926164,2.2661982444174202,33.08172,1.6757941,29.676701874668915,12.130674458306272,25
-1.1902932343298487,23.393616413879208,8.182827355558494,21.51108094326374,8.19401951181208,16.472940746242056,4.0939116577445205,15.656122,3.26065,20.887021589878316,12.129609287493967,25
-1.1902932343298487,23.393616413879208,8.182827355558494,21.51108094326374,8.19401951181208,16.472940746242056,4.0939116577445205,15.656122,3.26065,20.887021589878316,12.129609287493967,25
-1.1493657588779094,25.53392087791783,8.168806489399515,24.902177701950325,8.203883845332093,23.73216981754057,2.6618811110013665,24.182673,1.6723639,24.288809541799324,12.128974129511347,26
-1.1844464521224287,23.699374194456155,8.180774869351538,22.00415006581348,8.194749310593757,18.038338072771737,4.452013266822988,18.46213,2.5166903,21.3758186653332,12.1293818515866,26
-1.1844464521224287,23.699374194456155,8.180774869351538,22.00415006581348,8.194749310593757,18.038338072771737,4.452013266822988,18.46213,2.5166903,21.3758186653332,12.129381851586652,27
-1.065561880571557,29.91644906618742,8.14263225548687,31.43084813774939,8.241849965097654,34.60160898630093,3.383674096157489,34.17063,2.463722,31.072858767804497,12.13131651103079,28
-1.161059323292749,24.922405316763943,8.172729861228682,23.94750968247744,8.20006538856758,22.265225553514252,2.3359879671822226,22.398016,2.5812669,23.321833045779876,12.128954443364844,29
-1.1435189766704894,25.839678658494783,8.166869628476526,25.375342681573482,8.20602031831099,25.056936253128573,3.1811424822531245,25.06258,2.0240047,24.770660881213928,12.129029796239072,31
-1.032430114729511,31.649076489456775,8.133229646017824,33.869944544285005,8.25770181613333,39.03608337659074,3.669380718405728,44.431767,7.4986725,33.670570165703154,12.132510859243844,32
-1.014889768107251,32.56634983118762,8.128469714094354,35.130890026998664,8.265641324931384,37.57833975909712,3.5019650150671406,35.87413,2.1928134,35.023482527901265,12.133092611705644,35
-1.026583332522091,31.95483427003373,8.131626216708,34.29254485135266,8.26039149983221,38.91654741255477,3.6653352142810243,37.34275,2.3015583,34.12332077692736,12.132709973809748,36
-1.1084382834259698,27.674225341956465,8.155596749325667,28.15745714416799,8.221067460146148,28.864221262807362,2.3005003521772194,28.937328,2.0296357,27.636600477813666,12.129819476735962,37
-0.8180481004574474,42.8601951106115,8.085478845890492,48.024690683394944,8.325517422451057,50.42791439249605,2.7299571236227846,49.62886,2.327294,48.952352242486306,12.136207624625143,37
-1.1025915012185499,27.97998312253342,8.153776090869044,28.61188231953953,8.223824247863455,29.181210916944078,2.0199360790029255,29.8956,1.2047691,28.109737884407117,12.130003600921707,38
-0.9096476883736928,38.06998988157266,8.103094350322706,42.29152021637684,8.303465201195536,44.23717939542023,3.1207662044261775,43.237503,2.1573653,42.77484945554727,12.135396301086,39
-0.7303463673461487,47.4465618192657,8.072538486336612,53.15025227346323,8.346789966900062,53.83051662643343,2.5329619906082947,51.759377,2.1708212,54.33519676507652,12.136967358942506,41
-0.9154944705811127,37.76423210099572,8.104360382579813,41.91074173522315,8.301801940787513,44.23717939542023,3.1207662044261775,47.246063,4.8599787,42.36185747667201,12.13531898702511,43
-0.6777253274793692,50.19838184445824,8.066625649304754,56.08033412771538,8.363953991579749,60.49673863659272,3.0561438254058677,59.34734,2.7766442,57.31571954396337,12.137675801108877,44
-0.8960051965563797,38.78342470291887,8.10020624399526,43.172744971347235,8.30718218724411,44.08375357124441,3.1050854014662845,42.187004,2.2671494,43.7299773356815,12.13555934828799,45
-0.7888141894203476,44.38898401349625,8.080737641662594,49.76958449534345,8.332052921656597,49.26975962079716,2.7880639488566388,48.578823,2.5622356,50.80493654962585,12.136421436003257,45
-0.6309510698200098,52.64444408907382,8.062538655413505,58.605523318459255,8.383805134209481,57.839560670037436,2.861505359623975,56.31148,1.8455162,59.81429897179787,12.138492076412039,45
-1.020736550314671,32.260592050610676,8.130039569457718,34.71285275829995,8.263038981474125,38.35852468528205,3.749027338542319,36.651714,2.1072705,34.57430034559386,12.132904036485488,46
-0.86677128551928,40.31221360580361,8.09432883202328,45.027868863501325,8.31449604758349,46.60910666152734,3.024148549769923,47.750866,2.9199073,45.73585619994713,12.135842851281481,47
-0.5997682313804369,54.275152252150875,8.060426053891206,60.251694905652016,8.399912427242185,62.52919137404277,4.620572571717343,61.993214,4.2741604,61.40500180694819,12.139118906837682,48
-0.9817580022652049,34.298977254456986,8.119891511389046,37.457918568334286,8.279433434921089,36.86543874021576,1.8925689709032996,37.549225,0.5263612,37.53368491646786,12.134043554621222,48
-0.5588407559284977,56.415456716189496,8.058397095559314,62.371453243202076,8.42486065337873,62.41308529155744,3.133841348626988,61.01728,2.8537946,63.4072188967006,12.140012254309154,49
-0.9817580022652049,34.298977254456986,8.119891511389046,37.457918568334286,8.279433434921089,36.86543874021576,1.8925689709032996,37.549225,0.5263612,37.53368491646786,12.134043554621222,49
-0.9681155104478918,35.0124120758032,8.116516526439167,38.39602519344499,8.284605936822842,38.12097684340944,1.8183109214119335,38.191296,0.8509048,38.54925997285081,12.134372934394186,50
-0.5354536270988182,57.63848783849727,8.057617013369438,63.56367192677821,8.441116727496421,62.670492142059864,3.7562760148030625,65.52017,3.4580715,64.51037378090174,12.140544436625865,51
-0.6933167466991557,49.38302776291972,8.068232562568866,55.22249973372103,8.35836188148879,56.87177466045306,4.67210276781526,55.35205,5.237554,56.45168380242521,12.1374420467872,51
-0.942779454215739,36.33736245830329,8.110492545221405,40.10839158012132,8.2934133686432,39.13062583777219,1.8992177037045208,39.420483,1.0037938,40.40612491708515,12.13488914632719,52
-0.4594454584023591,61.613338985997586,8.056987940091851,67.35483941225527,8.503817180084184,71.32709547720941,2.942245379035001,70.05655,2.411467,67.91250983657136,12.14227898349267,54
-0.759580278383248,45.91777291638098,8.076423960024854,51.477367604903144,8.339015199210635,53.25848560117213,3.1660528421838485,53.884453,3.3688588,52.59915401229117,12.136667767762786,55
-0.8960051965563797,38.78342470291887,8.10020624399526,43.172744971347235,8.30718218724411,44.08375357124441,3.1050854014662845,42.187004,2.2671494,43.7299773356815,12.13555934828799,55
-0.5841768121606508,55.09050633368938,8.0595535242105,61.06446118733016,8.40889610789442,64.42801649461364,3.1824528619990313,64.92647,4.7928247,62.178882144727574,12.139451568883073,56
-0.3639480156811671,66.60738273542106,8.060329966529132,71.97131185600162,8.601197204891292,68.24765930749678,3.466809435271385,68.73056,2.4412928,71.86872559220832,12.144232504675333,58
-0.517913280476558,58.55576118022813,8.0572130588167,64.44942413020625,8.454264739294679,62.48259301048967,3.6978638024769497,63.032143,2.368178,65.31938789521372,12.140947962359151,60
-0.5432493367087112,57.23081079772802,8.057846379944834,63.16772552322173,8.435535667618147,61.905616434434165,3.2804332115589263,58.22751,2.9536567,64.1458286120006,12.140365991114935,62
-0.4672411680122522,61.205661945228336,8.056918270290247,66.9713411966256,8.496720531441838,71.37453992165386,2.9100764757437423,70.05655,2.411467,67.57532216780533,12.142105021752606,62
-0.6075639409903303,53.8674752113816,8.060908269877544,59.84278504901777,8.395656313913385,62.245312627789005,4.707752290596451,61.993214,4.2741604,61.012764586533024,12.138956992589556,63
-0.5919725217705438,54.68282929292013,8.059974470285823,60.658908596696065,8.404325106158446,64.31654796314513,3.3024711841027568,61.993214,4.2741604,61.79369122039219,12.139283857421365,64
-0.37174372529106015,66.19970569465181,8.059884730814872,71.59945200381007,8.592621973901515,69.39327131189243,3.9956688745041826,70.92827,2.3343265,71.55606591112371,12.144087702253401,65
-0.3639480156811671,66.60738273542106,8.060329966529132,71.97131185600162,8.601197204891292,68.24765930749678,3.466809435271385,68.73056,2.4412928,71.86872559220832,12.144232504675333,66
-0.5588407559284977,56.415456716189496,8.058397095559314,62.371453243202076,8.42486065337873,62.41308529155744,3.133841348626988,61.01728,2.8537946,63.4072188967006,12.140012254309154,66
-0.2333698797154556,73.43597316830622,8.072336290687986,78.10509811487334,8.753807899617073,74.88491460414373,2.856133730808815,74.19504,5.0038524,76.9504039713948,12.14625467823409,66
-0.5257089900864514,58.14808413945886,8.057373427277213,64.05661767440307,8.448320584516495,62.52681378971045,3.7045436543990244,65.25636,2.232469,64.96171351345214,12.140768402579353,67
-0.3171737580218077,69.05344498003664,8.063644481781608,74.18722804431471,8.654345001933336,68.95587037571133,3.7342193108398947,69.3494,1.6215688,73.7165316390695,12.145041612531005,68
-0.1378724369942636,78.43001691772969,8.0865358670776,82.51804430510349,8.865863840177923,84.01443735822141,3.4026341754551503,82.989044,1.551595,80.62589513468106,12.147362429615123,69
-0.10668959855469069,80.06072508080673,8.092159652108734,83.9528729565433,8.90055672350718,86.14922798589441,2.9971901123751143,84.6524,2.086265,81.84632483925593,12.147680716652687,70
-0.3639480156811671,66.60738273542106,8.060329966529132,71.97131185600162,8.601197204891292,68.24765930749678,3.466809435271385,68.73056,2.4412928,71.86872559220832,12.144232504675333,70
-0.510117570866665,58.96343822099739,8.057083359397666,64.84088759140029,8.460368664259342,62.52919751709418,3.767591779425635,62.960808,2.1730897,65.6741114749601,12.141127571487166,71
-0.0872003245299577,81.0799176827299,8.095920553629696,84.84899679768448,8.921523113476667,86.14688625899387,2.9072492396511658,86.4751,2.513665,82.61774120942285,12.147870717693651,71
-0.29963341139954797,69.97071832176748,8.065171469462058,75.01217844083078,8.67486553352063,69.72653451712547,4.023515790017266,65.95955,1.8842608,74.39937303779249,12.145319215852117,72
-0.16710634803136326,76.90122801484495,8.081704373667094,81.17090287691816,8.832281966737582,79.34623145108247,4.071945861733604,78.70631,3.6475005,79.49381811527591,12.1470467686743,75
-0.5023218612567716,59.37111526176666,8.056984330501265,65.23103996244721,8.466630971496848,62.50503085042751,3.7502896187049717,62.960808,2.1730897,66.02594945698354,12.141306966465551,76
0.02778639221596731,87.09315403407652,8.121946243700933,90.13955162571072,9.03078853716039,90.79924779984374,4.537579238319075,89.75325,3.1733098,87.35859570564153,12.148842237820181,77
0.06091815805801349,88.82578145734588,8.130656984722606,91.6688178896959,9.05697614475855,92.74298369986563,2.536325982508294,91.94646,3.3013587,88.79928950456524,12.149062981458833,78
-0.09694496154232436,80.57032138176831,8.094016468047585,84.40097466501874,8.911114581112287,86.14192459484104,3.021888472877444,86.356766,2.7428968,82.23111182250813,12.147776558863907,78
-0.3639480156811671,66.60738273542106,8.060329966529132,71.97131185600162,8.601197204891292,68.24765930749678,3.466809435271385,68.73056,2.4412928,71.86872559220832,12.144232504675333,78
0.09210099649758641,90.45648962042293,8.139347804113441,93.11152800213145,9.0792964841919,91.46877297577721,2.8701760795696094,90.46886,2.2448997,90.19073803369236,12.149239450001025,79
-0.1378724369942636,78.43001691772969,8.0865358670776,82.51804430510349,8.865863840177923,84.01443735822141,3.4026341754551503,82.989044,1.551595,80.62589513468106,12.147362429615123,79
-0.32691839503417436,68.54384867907505,8.062863077898925,73.72758932368062,8.643064081835632,68.90080367851964,3.6531602543948742,69.3494,1.6215688,73.33508421248068,12.144881421573588,80
-0.11643423556705736,79.55112877984516,8.090350138359668,83.50466044571935,8.889857563805464,85.24383798975363,3.17594575502104,84.6524,2.086265,81.46325382221097,12.147583175424135,81
-0.3814883623034268,65.69010939369022,8.05937127219957,71.13350628578019,8.582037181874483,70.24654498002,4.223877833620965,70.70488,3.0246375,71.1630402089391,12.143902728644802,82
-0.3444587416564341,67.62657533734422,8.061577065312143,72.89765548917131,8.623016575212034,68.36673139553946,3.4225666861113146,68.04805,2.0547817,72.64409095370033,12.144582040734349,83
-0.3366630320465407,68.0342523781135,8.062129493699132,73.26693809404719,8.631882654950005,68.89931960703557,3.7305958276570985,69.75003,3.777709,72.95193855694868,12.144716866055912,84
-0.015090010638445195,84.85093030984558,8.111476556949526,88.16474224944203,8.993221871941046,82.54286546795137,3.4547611632526443,82.56558,1.7984006,85.5475243495032,12.148513021094326,85
-0.0033964462236056097,85.46244587099946,8.114241897946556,88.7029459715263,9.0038668808794,82.81986896445487,4.116867684569523,79.89128,2.2374082,86.03582012047642,12.148607199306841,86
0.27530017233007703,100.03690007850061,8.199964170739435,101.68021960047992,9.167926918474535,95.8628329759235,3.1371458773412932,95.68878,0.8703061,99.11963241934163,12.149554365716257,87
0.06091815805801349,88.82578145734588,8.130656984722606,91.6688178896959,9.05697614475855,92.74298369986563,2.536325982508294,91.94646,3.3013587,88.79928950456524,12.149062981458833,88
-0.2158295330931959,74.35324651003705,8.074601942099633,78.91874690627955,8.774771261491367,76.06458707795476,2.5281691814542135,76.217354,2.7226274,77.62239338064953,12.146476294801959,89
-0.16710634803136326,76.90122801484495,8.081704373667094,81.17090287691816,8.832281966737582,79.34623145108247,4.071945861733604,78.70631,3.6475005,79.49381811527591,12.1470467686743,91
0.2402194790855576,98.20235339503893,8.187101207284172,100.02529641640595,9.155890506003601,95.61513165887969,2.7277145038226163,94.901085,5.195274,97.30888097986936,12.149588016541742,92
0.38444010686858227,105.74437864927029,8.243736894426007,106.87562575653035,9.196258836771534,108.24721651894717,6.259601872152919,102.557106,1.2288594,105.0316368195246,12.149279304734856,92
0.16031345558415203,94.02366372715397,8.160016219901706,96.28172309960206,9.12032785156515,91.74296358418842,3.6778104104403435,89.65679,2.909818,93.36231094151537,12.149504006717256,93
0.4097761631007354,107.06932903177041,8.254704458370725,108.09170364021791,9.201804347919648,107.61917299710956,6.384161836424225,101.60576,1.5466589,106.45708272157249,12.149202460989413,93
0.2636066079152375,99.42538451734673,8.19561091376491,101.12777575160686,9.164122879406591,95.59519180745144,2.1016909909384434,95.53385,0.9943755,98.51088954720078,12.149569742685335,96
0.27530017233007703,100.03690007850061,8.199964170739435,101.68021960047992,9.167926918474535,95.8628329759235,3.1371458773412932,95.68878,0.8703061,99.11963241934163,12.149554365716257,96
0.4468057837477281,109.0057949754244,8.271275512750663,109.87546772313881,9.209895137845962,104.0421505471223,4.690331310126739,105.80308,10.3601885,108.56984340928409,12.149098065082645,99
0.4097761631007354,107.06932903177041,8.254704458370725,108.09170364021791,9.201804347919648,107.61917299710956,6.384161836424225,101.60576,1.5466589,106.45708272157249,12.149202460989413,103
1.1757046322727445,147.12359828735046,8.722086331440721,144.7874560665118,9.635060325536756,143.93161795265286,6.610734326686691,139.28271,7.849098,146.91668301546156,12.138929928034681,106
0.5520478634812868,114.50943502580945,8.321850974423796,114.9820966776731,9.236997072123643,111.58857512613277,3.3678215895752808,112.343506,3.6485062,114.71306059677414,12.14892182411696,107
0.5384053716639736,113.79600020446324,8.31500668838342,114.31742066848197,9.232892286014788,109.83604671562152,3.9859737098420673,110.583275,3.306265,113.90881413826892,12.14893264189915,108
0.228525914670718,97.59083783388505,8.182944962444367,99.4752452081831,9.15143682452242,95.17416905938764,2.988806483227648,93.55851,3.5550306,96.71573715177672,12.149590391315336,110
0.5520478634812868,114.50943502580945,8.321850974423796,114.9820966776731,9.236997072123643,111.58857512613277,3.3678215895752808,112.343506,3.6485062,114.71306059677414,12.14892182411696,110
1.3296698970681355,155.1752198425434,8.84566149248883,151.21595124384976,9.746127644285025,157.12015156309116,6.018140135716122,152.16164,8.53403,151.9143417470708,12.138635762246393,111
0.5910264115307527,116.54782022965576,8.341875070056062,116.8847284121856,9.250084595020837,113.83384835372222,3.562319719993619,113.59755,3.72014,117.01660553639122,12.14890751503848,111
0.28699373674491696,100.6484156396545,8.204382891492884,102.2334741782685,9.171540763074631,98.41865819236513,5.728020228976207,99.3976,7.189878,99.73343683248919,12.14953522836087,112
0.3961336712834222,106.3558942104242,8.248761337361032,107.43643836341644,9.19883341428428,107.56720829514487,6.441707424527166,102.557106,1.2288594,105.68735289244611,12.14924360960127,115
1.0763093347466055,141.92571601754236,8.647294525104144,140.31252541965983,9.57239426187391,142.08149759700228,8.939976800248715,141.82944,4.375811,142.95367658394713,12.142100966772578,115
0.7157577652890444,123.07065288196398,8.410569429248199,122.99444370215511,9.30838185170282,130.22505021071976,6.185871065670654,127.03856,6.533334,124.34982417394349,12.148851818869684,117
0.7157577652890444,123.07065288196398,8.410569429248199,122.99444370215511,9.30838185170282,130.22505021071976,6.185871065670654,127.03856,6.533334,124.34982417394349,12.148851818869684,117
0.4604482755650413,109.7192297967706,8.27754207904215,110.53448483619094,9.212962663067742,104.18562280117546,4.290711911873886,107.41724,9.555196,109.35600755141817,12.149063838602409,117
0.7157577652890444,123.07065288196398,8.410569429248199,122.99444370215511,9.30838185170282,130.22505021071976,6.185871065670654,127.03856,6.533334,124.34982417394349,12.148851818869684,118
0.758634168143457,125.3128766061949,8.43578615222114,125.09525260028512,9.334589989895363,135.7759383929568,6.6679584872756745,135.83133,6.639676,126.81781441582288,12.14871828961374,119
0.7294002571063576,123.78408770331018,8.418504803437145,123.66313963475991,9.316389521150128,131.3256710065906,6.320489216717209,128.84465,4.8040376,125.13947675461924,12.148820669316185,119
0.5111203880293472,112.36913056177082,8.301574693065078,112.99029142571167,9.225314430977676,104.86508556699579,2.2860222642146106,105.68539,2.1863496,112.30566816999286,12.148965049227021,120
1.125032519808438,144.47369752235025,8.683459595793863,142.53203811090975,9.604347316831252,147.08969799722124,5.9865199112555,149.16455,5.01159,144.96930341080332,12.140445635981822,122
1.1094411005886522,143.65834344081173,8.671782067035053,141.82684080781513,9.594425601855846,147.23631472917353,5.9929835677604775,153.2897,6.864855,144.3394819240895,12.14096493445369,124
0.8755698122918556,131.42803221773386,8.508645741506825,130.7957217476452,9.418994766657477,130.969444399028,4.015266783642054,131.27342,2.58736,133.2758029233095,12.14757285571119,124
0.8151530628151826,128.26853515177206,8.470260243227145,127.85798870194431,9.373417323357828,132.10748030665624,5.217812842034849,134.71062,9.46501,129.99718009457297,12.148336500609336,124
1.2770488572013563,152.42339981735088,8.802390347662254,149.10079385765812,9.699137509269576,156.66470244722527,11.860325892566875,153.67773,14.963914,150.3577483566224,12.137657055100645,127
1.1581642856504848,146.20632494561963,8.708599247609982,144.01336633418913,9.624633374695179,145.00069473027838,6.847789782130983,147.61613,7.028177,146.25984796081553,12.139415184731233,127
1.2088363981147903,148.8562257106198,8.747895410543265,146.22883334820563,9.654638559729051,147.57854760865214,7.563998101279989,150.94551,4.005562,148.10763217551954,12.138179427515862,128
1.3296698970681355,155.1752198425434,8.84566149248883,151.21595124384976,9.746127644285025,157.12015156309116,6.018140135716122,152.16164,8.53403,151.9143417470708,12.138635762246393,129
0.6592388706173188,120.11499433638683,8.378576572511776,120.22373975632065,9.278652339935604,123.55646246951365,6.325268674915174,121.15662,1.7267457,121.04512867007558,12.148905574411197,129
0.9359865617685278,134.58752928369563,8.548595346872276,133.70800678460367,9.466703046531734,129.8299943121894,5.144067262373753,119.850685,6.503688,136.4024969162894,12.14637145634159,130
1.471941597448687,162.61532583658246,8.967896445171561,156.3970269988566,10.049817644179825,147.8996774247596,5.31790989861021,149.60585,2.4767187,155.42173229237147,12.150997195246502,131
1.2088363981147903,148.8562257106198,8.747895410543265,146.22883334820563,9.654638559729051,147.57854760865214,7.563998101279989,150.94551,4.005562,148.10763217551954,12.138179427515862,135
1.3121295504458756,154.25794650081258,8.83111966836151,150.52144776323195,9.728471600238265,159.1759982630458,7.377520427962539,158.51196,4.1735587,151.41226127616926,12.13814551960567,136
1.3296698970681355,155.1752198425434,8.84566149248883,151.21595124384976,9.746127644285025,157.12015156309116,6.018140135716122,152.16164,8.53403,151.9143417470708,12.138635762246393,138
1.3472102436903952,156.09249318427425,8.860320651998336,151.8993167872374,9.766454215295937,161.01177472621978,5.736594943965443,161.03299,6.27828,152.40010743047213,12.139311616242114,138
1.3472102436903952,156.09249318427425,8.860320651998336,151.8993167872374,9.766454215295937,161.01177472621978,5.736594943965443,161.03299,6.27828,152.40010743047213,12.139311616242114,142
1.142572866430698,145.39097086408108,8.696713939254323,143.31928842003904,9.615206021273934,144.2962651245384,6.568113582546849,143.23293,8.840839,145.6606504475414,12.139884738977793,145
1.0763093347466055,141.92571601754236,8.647294525104144,140.31252541965983,9.57239426187391,142.08149759700228,8.939976800248715,141.82944,4.375811,142.95367658394713,12.142100966772578,149
1.5479497661451458,166.59017698408275,9.03625598454164,158.77645537129646,10.440916556668697,151.11619910412048,5.060042760425405,154.8511,4.7443943,156.94312197943975,12.166072766829542,149
0.3591040506364295,104.4194282667702,8.233071775390727,105.66325088367705,9.190508487067547,109.62659873541493,5.788104294862259,105.54337,4.782176,103.62456410285213,12.149355954203008,152
1.4368609042041673,160.78077915312076,8.937056155182802,155.2011273582479,9.936763422791955,147.60332507825848,4.764362165040712,152.42671,1.8877511,154.6436297026449,12.146299735816221,153
1.0763093347466055,141.92571601754236,8.647294525104144,140.31252541965983,9.57239426187391,142.08149759700228,8.939976800248715,141.82944,4.375811,142.95367658394713,12.142100966772578,154
1.3296698970681355,155.1752198425434,8.84566149248883,151.21595124384976,9.746127644285025,157.12015156309116,6.018140135716122,152.16164,8.53403,151.9143417470708,12.138635762246393,155
0.9048037233289549,132.9568211206186,8.52778222330869,132.20870311545204,9.44196194746712,130.7715559460637,4.769743848386882,132.41162,1.6346787,134.8092970651798,12.147048137000775,155
1.1581642856504848,146.20632494561963,8.708599247609982,144.01336633418913,9.624633374695179,145.00069473027838,6.847789782130983,147.61613,7.028177,146.25984796081553,12.139415184731233,155
1.471941597448687,162.61532583658246,8.967896445171561,156.3970269988566,10.049817644179825,147.8996774247596,5.31790989861021,149.60585,2.4767187,155.42173229237147,12.150997195246502,156
1.3121295504458756,154.25794650081258,8.83111966836151,150.52144776323195,9.728471600238265,159.1759982630458,7.377520427962539,158.51196,4.1735587,151.41226127616926,12.13814551960567,157
1.5089712180956798,164.55179178023644,9.00093862998557,157.5940887700029,10.21135581504501,156.02372002480627,4.733771444163659,160.45393,9.988658,156.18920768837586,12.157426855025722,158
1.454401250826427,161.6980524948516,8.952419706382727,155.80633479954952,9.989028442943948,147.40630678514808,4.790160333606556,146.77794,6.522436,155.0391737114087,12.148490396289903,159
1.5284604921204126,165.57098438215962,9.018528963626352,158.19558395462414,10.317623565807196,155.49535526469538,5.179218800832433,159.75911,2.126388,156.57269504305003,12.16149149200434,161
1.6629364828910709,172.6034133354294,9.143584661670445,161.74338010014262,11.619727953113284,155.76464663874626,7.225177090208891,155.87936,5.9037576,158.9065728367841,12.206115851233635,163
1.5089712180956798,164.55179178023644,9.00093862998557,157.5940887700029,10.21135581504501,156.02372002480627,4.733771444163659,160.45393,9.988658,156.18920768837586,12.157426855025722,168
1.2595085105790966,151.50612647562005,8.788204009414699,148.37550757929444,9.686597840948878,147.91827066817697,9.053139074069339,141.93242,4.4825635,149.80469492760548,12.137627379344918,169
1.5479497661451458,166.59017698408275,9.03625598454164,158.77645537129646,10.440916556668697,151.11619910412048,5.060042760425405,154.8511,4.7443943,156.94312197943975,12.166072766829542,170
1.5654901127674057,167.50745032581364,9.052326507419309,159.28099522550136,10.568018580226692,149.85718857859513,4.818980790213307,146.09898,5.2257266,157.26601164017248,12.170671132811615,171
2.483434919332333,215.5114218763943,10.032420955632006,145.19907256691408,63.49650088046337,165.0425038778115,4.151353796517111,171.94615,0.5783587,170.8075677814678,16.515030251583593,175
1.2595085105790966,151.50612647562005,8.788204009414699,148.37550757929444,9.686597840948878,147.91827066817697,9.053139074069339,141.93242,4.4825635,149.80469492760548,12.137627379344918,177
1.822748529893882,180.96079267119927,9.300300219928033,164.32665517423823,15.079274534837566,164.90959412416643,4.131329365485569,167.47766,6.230319,161.23465216217818,12.320797209457542,177
1.7428425063924764,176.78210300331432,9.220867551858703,163.28231307436155,13.038456196597338,161.26437655441242,5.1881185077610805,163.61195,4.8113995,160.10788444346198,12.252002878844374,178
1.4914308714734201,163.6345184385056,8.985224860951973,157.03571164887325,10.128745536170754,150.46572359329954,6.895354839405406,148.43872,11.76234,155.83223783184064,12.154179738162433,178
0.5910264115307527,116.54782022965576,8.341875070056062,116.8847284121856,9.250084595020837,113.83384835372222,3.562319719993619,113.59755,3.72014,117.01660553639122,12.14890751503848,178
1.3296698970681355,155.1752198425434,8.84566149248883,151.21595124384976,9.746127644285025,157.12015156309116,6.018140135716122,152.16164,8.53403,151.9143417470708,12.138635762246393,179
1.2419681639568367,150.5888531338892,8.774137323025968,147.64081165688518,9.674996889558713,147.43332317122943,8.856753309252332,149.09697,3.8069994,149.23408799638034,12.137720431371957,179
1.822748529893882,180.96079267119927,9.300300219928033,164.32665517423823,15.079274534837566,164.90959412416643,4.131329365485569,167.47766,6.230319,161.23465216217818,12.320797209457542,180
